No,Username,Email,Password,Confirm Password
1,thuyanh,ta@gmail.com,thuy1234,thuy1234
2,johnstone,nguyen@gmail.com,john2002,john2002
3,ngocanh,john@gmail.com,ngoc1234,ngoc1234
4,nguyenkien,kien12@gmail.com,nguyen12,nguyen21
5,nguyen lan anh,lananh@gmail.com,lan12345,lan12345
6,anhthu,anh112@gmail.com,1,1
7,Trần hiếu,hieu12@gmail.com,hieu1234,hieu1234
8,nguyenchien,chienn@gmail.com,tét,tét
